<wpml-config>

    <custom-types>
        <custom-type translate="1">portfolios</custom-type>
        <custom-type translate="1">media_gallery</custom-type>
    </custom-types>    
    <taxonomies>
        <taxonomy translate="1">portfolio_item_category</taxonomy>
        <taxonomy translate="1">media_item_category</taxonomy>
    </taxonomies>   

    <admin-texts>
        <key name="VoxcoTheme_Options">
            <key name="voxco_options_logo"/>
            <key name="voxco_options_retina_logo"/>
            <key name="voxco_options_blog_title_text"/>
            <key name="voxco_options_sidebar_content"/>
            <key name="footer_logo"/>
            <key name="footer_retina_logo"/>
            <key name="footer_copyright"/>
        </key>
    </admin-texts> 
  
</wpml-config>


